,,小盃暮音,楓原沙苗,空折あずき,藤崎千鈴
1day朝(SP直前),0,,,,!talk(h4/ev_m_0)
休み時間(SP),1,,,,
昼(SP),2,!talk(h1/ev_m_0),,,
午後(SP),3,,,!talk(h3/ev_m_0),
放課後(HP直前) ,4,,!talk(h2/ev_m_0),,
夜(HP直後),5,,,,
2day,6,,,,
,7,,,,!encount
,8,,!encount,,
,9,!encount,,!encount,
,10,,,,
,11,,,,
3day,12,,,,
,13,!encount,!encount,,
,14,,,!encount,
,15,,,,!encount
,16,,,,
,17,,,,
4day,18,,,,
,19,!encount,,,
,20,,,,
,21,,!encount,!encount,!encount
,22,,,,
,23,,,,
5day,24,,,,
,25,,!encount,,
,26,,,!encount,!encont
,27,!encount,,,
,28,,,,
,29,,,,
6day,30,,,,
,31,!encount,,,
,32,,!encount,,!encount
,33,,,!encount,
,34,,,,
,35,,,,
7day,36,,,,
,37,!encount,,,!encount
,38,,!encount,!encount,
,39,,,,
,40,,,,
,41,,,,
8day,42,,,,
,43,,,!encount,!encount
,44,!encount,!encount,,
,45,,,,
,46,,,,
,47,,,,
9day,48,,,,
,49,,,,!encount
,50,!encount,!encount,,
,51,,,!encount,
,52,,,,
,53,,,,
10day,54,,,,
,55,,,,!encount
,56,,!encount,,
,57,!encount,,!encount,
,58,,,,
,59,,,,
11day,60,,,,
,61,!encount,!encount,,
,62,,,!encount,
,63,,,,!encount
,64,,,,
,65,,,,
12day,66,,,,
,67,!encount,,,
,68,,,,
,69,,!encount,!encount,!encount
,70,,,,
,71,,,,
13day,72,,,,
,73,,!encount,,
,74,,,!encount,!encont
,75,!encount,,,
,76,,,,
,77,,,,
14day,78,,,,
,79,!encount,,,
,80,,!encount,,!encount
,81,,,!encount,
,82,,,,
,83,,,,
15day,84,,,,
,85,!encount,,,!encount
,86,,!encount,!encount,
,87,,,,
,88,,,,
,89,,,,
16day,90,,,,
,91,,,!encount,!encount
,92,!encount,!encount,,
,93,,,,
,94,,,,
,95,,,,
17day,96,,,,
,97,,,,!encount
,98,!encount,!encount,,
,99,,,!encount,
,100,,,,
,101,,,,
18day,102,,,,
,103,,,,!encount
,104,,!encount,,
,105,!encount,,!encount,
,106,,,,
,107,,,,
19day,108,,,,
,109,,,,!encount
,110,,!encount,,
,111,!encount,,!encount,
,112,,,,
,113,,,,
20day,114,,,,
,115,!encount,!encount,,
,116,,,!encount,
,117,,,,!encount
,118,,,,
,119,,,,
21day,120,,,,
,121,!encount,,,
,122,,,,
,123,,!encount,!encount,!encount
,124,,,,
,125,,,,
22day,126,,,,
,127,,!encount,,
,128,,,!encount,!encont
,129,!encount,,,
,130,,,,
,131,,,,
23day,132,,,,
,133,!encount,,,
,134,,!encount,,!encount
,135,,,!encount,
,136,,,,
,137,,,,
24day,138,,,,
,139,!encount,,,!encount
,140,,!encount,!encount,
,141,,,,
,142,,,,
,143,,,,
25day,144,,,,
,145,,,!encount,!encount
,146,!encount,!encount,,
,147,,,,
,148,,,,
,149,,,,
26day,150,,,,
,151,!encount,,,
,152,,,,
,153,,!encount,!encount,!encount
,154,,,,
,155,,,,
27day,156,,,,
,157,,!encount,,
,158,,,!encount,!encont
,159,!encount,,,
,160,,,,
,161,,,,
28day,162,,,,
,163,!encount,,,
,164,,!encount,,!encount
,165,,,!encount,
,166,,,,
,167,,,,
29day,168,,,,
,169,!encount,,,!encount
,170,,!encount,!encount,
,171,,,,
,172,,,,
,173,,,,
30day,174,,,,
,175,,,!encount,!encount
,176,!encount,!encount,,
,177,,,,
,178,,,,
,179,,,,
31day,180,,,,
,181,,,,
,182,,,,
,183,,,,
,184,,,,
,185,,,,
